name,12/31/10,12/31/11,12/31/12,12/31/13,12/31/14,12/31/15,12/31/16,12/31/17,12/31/18,percent change (2010-2018),geometry
102,1111298,1038390,1191963,1357371,1446584,1648718,1669551,1733896,1832751,64.91985048114907,"POLYGON ((-122.426671 37.809639, -122.424876 37.810799, -122.425041162157 37.811001508766, -122.420612315115 37.8111121700604, -122.419224 37.808453, -122.418718 37.805932, -122.418281 37.804023, -122.417799 37.801267, -122.417587 37.800341, -122.420769 37.79993899999999, -122.420883 37.799902, -122.424275 37.799472, -122.424464 37.800402, -122.424835 37.802268, -122.425209 37.804133, -122.425628 37.806456, -122.426613 37.808152, -122.426671 37.809639))"
103,1111298,1038390,1191963,1357371,1446584,1648718,1669551,1733896,1832751,64.91985048114907,"POLYGON ((-122.418718 37.805932, -122.416888 37.805212, -122.414877 37.803542, -122.412908 37.802184, -122.412849 37.801893, -122.412471 37.800032, -122.412283 37.799096, -122.417218 37.798472, -122.417385 37.799414, -122.417587 37.800341, -122.417799 37.801267, -122.418281 37.804023, -122.418718 37.805932))"
109,1111298,1038390,1191963,1357371,1446584,1648718,1669551,1733896,1832751,64.91985048114907,"POLYGON ((-122.424275 37.799472, -122.420883 37.799902, -122.420769 37.79993899999999, -122.417587 37.800341, -122.417385 37.799414, -122.417218 37.798472, -122.416839 37.796596, -122.421768 37.795945, -122.423481 37.795739, -122.423705 37.796678, -122.424275 37.799472))"
110,1111298,1038390,1191963,1357371,1446584,1648718,1669551,1733896,1832751,64.91985048114907,"POLYGON ((-122.423481 37.795739, -122.421768 37.795945, -122.416839 37.796596, -122.416653 37.79567, -122.416473 37.794777, -122.416292 37.793892, -122.416113 37.793014, -122.422801 37.792161, -122.423143 37.793923, -122.423283 37.79481, -122.423481 37.795739))"
112,937254,905532,1042292,1182235,1310021,1496175,1497246,1582035,1556427,66.0624547881364,"POLYGON ((-122.416292 37.793892, -122.415218 37.79402899999999, -122.411364 37.794527, -122.409722 37.794737, -122.409541 37.793852, -122.409171 37.792043, -122.412461 37.791627, -122.41575 37.791206, -122.415936 37.792133, -122.416113 37.793014, -122.416292 37.793892))"
121,937254,905532,1042292,1182235,1310021,1496175,1497246,1582035,1556427,66.0624547881364,"POLYGON ((-122.415372 37.78932, -122.412076 37.78973999999999, -122.408786 37.79016, -122.408402 37.788293, -122.411699 37.787872, -122.413354 37.787664, -122.414995 37.787454, -122.415185 37.788388, -122.415372 37.78932))"
120,937254,905532,1042292,1182235,1310021,1496175,1497246,1582035,1556427,66.0624547881364,"POLYGON ((-122.422077 37.788474, -122.415372 37.78932, -122.415185 37.788388, -122.414995 37.787454, -122.418271 37.787038, -122.421461 37.786632, -122.421858 37.787535, -122.422077 37.788474))"
119.02,937254,905532,1042292,1182235,1310021,1496175,1497246,1582035,1556427,66.0624547881364,"POLYGON ((-122.412461 37.791627, -122.409171 37.792043, -122.407536 37.792249, -122.40734 37.791296, -122.407149 37.790366, -122.408786 37.79016, -122.412076 37.78973999999999, -122.412266 37.790673, -122.412461 37.791627))"
111,937254,905532,1042292,1182235,1310021,1496175,1497246,1582035,1556427,66.0624547881364,"POLYGON ((-122.422801 37.792161, -122.416113 37.793014, -122.415936 37.792133, -122.41575 37.791206, -122.415559 37.790254, -122.415372 37.78932, -122.422077 37.788474, -122.422237 37.789399, -122.42242 37.790358, -122.422611 37.791277, -122.422801 37.792161))"
119.01,937254,905532,1042292,1182235,1310021,1496175,1497246,1582035,1556427,66.0624547881364,"POLYGON ((-122.41575 37.791206, -122.412461 37.791627, -122.412266 37.790673, -122.412076 37.78973999999999, -122.415372 37.78932, -122.415559 37.790254, -122.41575 37.791206))"
108,937254,905532,1042292,1182235,1310021,1496175,1497246,1582035,1556427,66.0624547881364,"POLYGON ((-122.417218 37.798472, -122.412283 37.799096, -122.411911 37.797245, -122.411719 37.796291, -122.411364 37.794527, -122.415218 37.79402899999999, -122.416292 37.793892, -122.416473 37.794777, -122.416653 37.79567, -122.416839 37.796596, -122.417218 37.798472))"
124.01,492425,460216,512963,604599,651922,746688,743569,735017,764299,55.21125044423009,"POLYGON ((-122.417707 37.784236, -122.416072 37.784449, -122.41443 37.784657, -122.414242 37.783724, -122.414054 37.782794, -122.413866 37.781863, -122.415505 37.781654, -122.417146 37.781447, -122.417339 37.782379, -122.417707 37.784236))"
122.01,492425,460216,512963,604599,651922,746688,743569,735017,764299,55.21125044423009,"POLYGON ((-122.418271 37.787038, -122.414995 37.787454, -122.414617 37.785582, -122.41443 37.784657, -122.416072 37.784449, -122.417707 37.784236, -122.417901 37.785167, -122.418271 37.787038))"
124.02,492425,460216,512963,604599,651922,746688,743569,735017,764299,55.21125044423009,"POLYGON ((-122.421069 37.783816, -122.417707 37.784236, -122.417339 37.782379, -122.417146 37.781447, -122.415505 37.781654, -122.413866 37.781863, -122.413365 37.779862, -122.416292 37.777494, -122.417615 37.7766, -122.418704 37.775645, -122.419219 37.775316, -122.419334 37.77521, -122.419359 37.775432, -122.419765 37.777291, -122.420358 37.780072, -122.420689 37.781955, -122.421069 37.783816))"
123.01,492425,460216,512963,604599,651922,746688,743569,735017,764299,55.21125044423009,"POLYGON ((-122.414617 37.785582, -122.41297 37.78579, -122.411326 37.785996, -122.411516 37.78694, -122.408227 37.787359, -122.407853 37.785492, -122.41114 37.785075, -122.412782 37.784866, -122.41443 37.784657, -122.414617 37.785582))"
125.01,492425,460216,512963,604599,651922,746688,743569,735017,764299,55.21125044423009,"POLYGON ((-122.414054 37.782794, -122.410765 37.783214, -122.410952 37.784141, -122.41114 37.785075, -122.407853 37.785492, -122.407451 37.784604, -122.408104 37.78402, -122.408952 37.783288, -122.410336 37.782245, -122.412548 37.780508, -122.413365 37.779862, -122.413866 37.781863, -122.414054 37.782794))"
122.02,492425,460216,512963,604599,651922,746688,743569,735017,764299,55.21125044423009,"POLYGON ((-122.421461 37.786632, -122.418271 37.787038, -122.417901 37.785167, -122.417707 37.784236, -122.421069 37.783816, -122.421256 37.784745, -122.421461 37.786632))"
123.02,492425,460216,512963,604599,651922,746688,743569,735017,764299,55.21125044423009,"POLYGON ((-122.414995 37.787454, -122.413354 37.787664, -122.411699 37.787872, -122.408402 37.788293, -122.408227 37.787359, -122.411516 37.78694, -122.411326 37.785996, -122.41297 37.78579, -122.414617 37.785582, -122.414995 37.787454))"
125.02,492425,460216,512963,604599,651922,746688,743569,735017,764299,55.21125044423009,"POLYGON ((-122.41443 37.784657, -122.412782 37.784866, -122.41114 37.785075, -122.410952 37.784141, -122.410765 37.783214, -122.414054 37.782794, -122.414242 37.783724, -122.41443 37.784657))"
133,1950038,2026860,2375878,2795726,3151676,3425486,3413094,3778602,4444702,127.92899420421551,"POLYGON ((-122.459476 37.789711, -122.45274 37.790974, -122.4463 37.791879, -122.446117 37.790999, -122.445934 37.790119, -122.445758 37.789248, -122.445589 37.788364, -122.445402 37.787438, -122.450118 37.786838, -122.454774 37.786244, -122.45505 37.786209, -122.459179 37.785682, -122.459388 37.788405, -122.459476 37.789711))"
154,1950038,2026860,2375878,2795726,3151676,3425486,3413094,3778602,4444702,127.92899420421551,"POLYGON ((-122.459179 37.785682, -122.45505 37.786209, -122.454774 37.786244, -122.450118 37.786838, -122.445402 37.787438, -122.443753 37.787647, -122.44337 37.785759, -122.443183 37.784827, -122.44281 37.782971, -122.442793 37.782885, -122.445826 37.782512, -122.447302 37.782392, -122.454186 37.781651, -122.456304 37.78144899999999, -122.458878 37.781326, -122.458998 37.783189, -122.459179 37.785682))"
163,774461,735567,857680,999539,1105247,1270619,1303520,1350270,1369865,76.87979123545279,"POLYGON ((-122.433219 37.77749, -122.429929 37.777909, -122.426641 37.778329, -122.426263 37.776464, -122.425888 37.77459899999999, -122.429178 37.774181, -122.430825 37.773973, -122.432467 37.773757, -122.433219 37.77749))"
164,774461,735567,857680,999539,1105247,1270619,1303520,1350270,1369865,76.87979123545279,"POLYGON ((-122.441488 37.776435, -122.438244 37.776848, -122.433219 37.77749, -122.432467 37.773757, -122.435751 37.773346, -122.437469 37.773127, -122.440735 37.772713, -122.440922 37.773635, -122.441488 37.776435))"
168.01,774461,735567,857680,999539,1105247,1270619,1303520,1350270,1369865,76.87979123545279,"POLYGON ((-122.432467 37.773757, -122.430825 37.773973, -122.42899 37.773248, -122.428802 37.772316, -122.425512 37.772734, -122.424929 37.770778, -122.426402 37.769596, -122.42822 37.769441, -122.43157 37.769307, -122.431904 37.770964, -122.432467 37.773757))"
162,774461,735567,857680,999539,1105247,1270619,1303520,1350270,1369865,76.87979123545279,"POLYGON ((-122.426641 37.778329, -122.424998 37.778538, -122.423354 37.778747, -122.423541 37.779674, -122.420358 37.780072, -122.419765 37.777291, -122.419359 37.775432, -122.424246 37.774811, -122.425888 37.77459899999999, -122.426263 37.776464, -122.426641 37.778329))"
168.02,774461,735567,857680,999539,1105247,1270619,1303520,1350270,1369865,76.87979123545279,"POLYGON ((-122.429178 37.774181, -122.425888 37.77459899999999, -122.424246 37.774811, -122.419359 37.775432, -122.419334 37.77521, -122.422186 37.772909, -122.42262 37.772503, -122.423641 37.771828, -122.424929 37.770778, -122.425512 37.772734, -122.428802 37.772316, -122.42899 37.773248, -122.430825 37.773973, -122.429178 37.774181))"
178.01,631192,611274,722315,836792,928824,1049393,1004322,1021173,1044549,65.48831417381716,"POLYGON ((-122.404933 37.7815, -122.402708 37.783259, -122.400468 37.78503, -122.39893 37.783785, -122.397386 37.782554, -122.401843 37.779032, -122.403387 37.780265, -122.404933 37.7815))"
176.01,631192,611274,722315,836792,928824,1049393,1004322,1021173,1044549,65.48831417381716,"POLYGON ((-122.417615 37.7766, -122.416292 37.777494, -122.413365 37.779862, -122.412548 37.780508, -122.410336 37.782245, -122.408952 37.783288, -122.408104 37.78402, -122.407451 37.784604, -122.406062 37.785757, -122.402708 37.783259, -122.404933 37.7815, -122.405719 37.780878, -122.407159 37.779739, -122.409387 37.777977, -122.411606 37.776221, -122.413161 37.774992, -122.415561 37.773101, -122.418704 37.775645, -122.417615 37.7766))"
178.02,631192,611274,722315,836792,928824,1049393,1004322,1021173,1044549,65.48831417381716,"POLYGON ((-122.413161 37.774992, -122.411606 37.776221, -122.409387 37.777977, -122.407159 37.779739, -122.405719 37.780878, -122.404933 37.7815, -122.403387 37.780265, -122.401843 37.779032, -122.40407 37.777273, -122.408516 37.77376, -122.41248 37.77063, -122.415561 37.773101, -122.413161 37.774992))"
180,631192,611274,722315,836792,928824,1049393,1004322,1021173,1044549,65.48831417381716,"POLYGON ((-122.41248 37.77063, -122.408516 37.77376, -122.40407 37.777273, -122.401843 37.779032, -122.397386 37.782554, -122.39275 37.778852, -122.397206 37.775332, -122.398755 37.776568, -122.400982 37.774809, -122.399433 37.773573, -122.401657 37.771817, -122.404391 37.76974999999999, -122.40499 37.769715, -122.408007 37.769244, -122.409736 37.770349, -122.410931 37.769411, -122.41248 37.77063))"
208,723442,712524,828565,995806,1121395,1256502,1254558,1340337,1501810,107.592315624473,"POLYGON ((-122.421732 37.7633, -122.417332 37.763572, -122.417179 37.761968, -122.417026 37.760367, -122.416872 37.758764, -122.41672 37.757167, -122.416567 37.755568, -122.418748 37.755437, -122.420964 37.755295, -122.421118 37.756902, -122.421425 37.760101, -122.421578 37.761701, -122.421732 37.7633))"
177,723442,712524,828565,995806,1121395,1256502,1254558,1340337,1501810,107.592315624473,"POLYGON ((-122.418704 37.775645, -122.415561 37.773101, -122.41248 37.77063, -122.410931 37.769411, -122.409736 37.770349, -122.408007 37.769244, -122.40499 37.769715, -122.404497 37.764664, -122.40509 37.76462799999999, -122.408424 37.764427, -122.413003 37.764091, -122.413588 37.763823, -122.417332 37.763572, -122.417487 37.765183, -122.417802 37.768405, -122.417794 37.770435, -122.419219 37.775316, -122.418704 37.775645))"
207,723442,712524,828565,995806,1121395,1256502,1254558,1340337,1501810,107.592315624473,"POLYGON ((-122.426137 37.763036, -122.421732 37.7633, -122.421578 37.761701, -122.421425 37.760101, -122.421118 37.756902, -122.420964 37.755295, -122.425384 37.755035, -122.425532 37.756636, -122.425685 37.758232, -122.425836 37.759835, -122.426137 37.763036))"
201,723442,712524,828565,995806,1121395,1256502,1254558,1340337,1501810,107.592315624473,"POLYGON ((-122.42262 37.772503, -122.422186 37.772909, -122.419334 37.77521, -122.419219 37.775316, -122.417794 37.770435, -122.417802 37.768405, -122.417487 37.765183, -122.417332 37.763572, -122.421732 37.7633, -122.422044 37.76654, -122.422308 37.769278, -122.422365 37.769868, -122.42262 37.772503))"
228.01,723442,712524,828565,995806,1121395,1256502,1254558,1340337,1501810,107.592315624473,"POLYGON ((-122.417332 37.763572, -122.413588 37.763823, -122.413003 37.764091, -122.408424 37.764427, -122.408064 37.760601, -122.407754 37.757705, -122.412348 37.75743, -122.41672 37.757167, -122.416872 37.758764, -122.417026 37.760367, -122.417179 37.761968, -122.417332 37.763572))"
228.03,723442,712524,828565,995806,1121395,1256502,1254558,1340337,1501810,107.592315624473,"POLYGON ((-122.41672 37.757167, -122.412348 37.75743, -122.407754 37.757705, -122.407602 37.756109, -122.407449 37.754506, -122.409253 37.75439799999999, -122.412047 37.75423, -122.416413 37.753968, -122.416567 37.755568, -122.41672 37.757167))"
229.03,723442,712524,828565,995806,1121395,1256502,1254558,1340337,1501810,107.592315624473,"POLYGON ((-122.409253 37.75439799999999, -122.407449 37.754506, -122.406453 37.75427699999999, -122.403127 37.754478, -122.403007 37.752446, -122.403784 37.749433, -122.405239 37.749125, -122.406788 37.748805, -122.40871 37.748397, -122.408978 37.751201, -122.409253 37.75439799999999))"
210,723442,712524,828565,995806,1121395,1256502,1254558,1340337,1501810,107.592315624473,"POLYGON ((-122.425384 37.755035, -122.420964 37.755295, -122.420812 37.753703, -122.420665 37.752104, -122.420507 37.750506, -122.420282 37.748161, -122.421393 37.748124, -122.42485 37.747825, -122.424777 37.748644, -122.424934 37.750237, -122.425097 37.751845, -122.42524 37.753436, -122.425384 37.755035))"
229.01,723442,712524,828565,995806,1121395,1256502,1254558,1340337,1501810,107.592315624473,"POLYGON ((-122.416413 37.753968, -122.412047 37.75423, -122.4119 37.752629, -122.411746 37.751034, -122.411488 37.748344, -122.413673 37.748297, -122.41587 37.748267, -122.416108 37.750771, -122.416413 37.753968))"
202,723442,712524,828565,995806,1121395,1256502,1254558,1340337,1501810,107.592315624473,"POLYGON ((-122.426948 37.769175, -122.426402 37.769596, -122.424929 37.770778, -122.423641 37.771828, -122.42262 37.772503, -122.422365 37.769868, -122.422308 37.769278, -122.422044 37.76654, -122.421732 37.7633, -122.426137 37.763036, -122.426293 37.764651, -122.426462 37.766272, -122.426713 37.768982, -122.426948 37.769175))"
228.02,723442,712524,828565,995806,1121395,1256502,1254558,1340337,1501810,107.592315624473,"POLYGON ((-122.408424 37.764427, -122.40509 37.76462799999999, -122.405105 37.763852, -122.40648 37.760731, -122.406389 37.759804, -122.403689 37.757015, -122.403396 37.756471, -122.403127 37.754478, -122.406453 37.75427699999999, -122.407449 37.754506, -122.407602 37.756109, -122.407754 37.757705, -122.408064 37.760601, -122.408424 37.764427))"
209,723442,712524,828565,995806,1121395,1256502,1254558,1340337,1501810,107.592315624473,"POLYGON ((-122.420964 37.755295, -122.418748 37.755437, -122.416567 37.755568, -122.416413 37.753968, -122.416108 37.750771, -122.41587 37.748267, -122.418206 37.748203, -122.420282 37.748161, -122.420507 37.750506, -122.420665 37.752104, -122.420812 37.753703, -122.420964 37.755295))"
229.02,723442,712524,828565,995806,1121395,1256502,1254558,1340337,1501810,107.592315624473,"POLYGON ((-122.412047 37.75423, -122.409253 37.75439799999999, -122.408978 37.751201, -122.40871 37.748397, -122.410551 37.748367, -122.411488 37.748344, -122.411746 37.751034, -122.4119 37.752629, -122.412047 37.75423))"
227.04,747009,741205,834335,987125,1068217,1229783,1241419,1322083,1513328,102.58497554915671,"POLYGON ((-122.40648 37.760731, -122.405105 37.763852, -122.40509 37.76462799999999, -122.404497 37.764664, -122.398703 37.765014, -122.398461 37.762463, -122.398338 37.761184, -122.398216 37.759909, -122.39797 37.757359, -122.403689 37.757015, -122.406389 37.759804, -122.40648 37.760731))"
227.02,747009,741205,834335,987125,1068217,1229783,1241419,1322083,1513328,102.58497554915671,"POLYGON ((-122.398703 37.765014, -122.393848 37.765307, -122.392714 37.764084, -122.39252 37.762819, -122.392319 37.76106, -122.392494 37.760245, -122.398216 37.759909, -122.398338 37.761184, -122.398461 37.762463, -122.398703 37.765014))"
614,747009,741205,834335,987125,1068217,1229783,1241419,1322083,1513328,102.58497554915671,"POLYGON ((-122.403784 37.749433, -122.403007 37.752446, -122.403127 37.754478, -122.403396 37.756471, -122.403689 37.757015, -122.39797 37.757359, -122.398216 37.759909, -122.392494 37.760245, -122.392447 37.756436, -122.391232 37.752657, -122.390683 37.752663, -122.394587 37.752427, -122.396408 37.751179, -122.402605 37.750558, -122.403569 37.749475, -122.403784 37.749433))"
226,747009,741205,834335,987125,1068217,1229783,1241419,1322083,1513328,102.58497554915671,"POLYGON ((-122.393968 37.766614, -122.388164 37.766958, -122.387917 37.764379, -122.385823 37.767255, -122.380462169293 37.7675163525902, -122.379568 37.76054999999999, -122.380757 37.755288, -122.378560351096 37.7535517721854, -122.380985 37.753228, -122.381711 37.753186, -122.390683 37.752663, -122.391232 37.752657, -122.392447 37.756436, -122.392494 37.760245, -122.392319 37.76106, -122.39252 37.762819, -122.392714 37.764084, -122.393848 37.765307, -122.393968 37.766614))"
233,494062,430059,479320,595757,678252,796473,852562,911102,969143,96.15817448012598,"POLYGON ((-122.402105 37.72779, -122.399867 37.730292, -122.396409 37.72980099999999, -122.392699 37.729284, -122.393284 37.727764, -122.396682 37.720266, -122.397025 37.719515, -122.398515 37.717664, -122.398863 37.718683, -122.400785 37.723616, -122.401183 37.724588, -122.402105 37.72779))"
234,494062,430059,479320,595757,678252,796473,852562,911102,969143,96.15817448012598,"POLYGON ((-122.396682 37.720266, -122.393284 37.727764, -122.389801 37.725791, -122.38793 37.724729, -122.38521 37.723088, -122.384517 37.722862, -122.38282 37.721872, -122.386265 37.717179, -122.38685 37.717509, -122.388131 37.71629799999999, -122.391141 37.71803999999999, -122.393545 37.718487, -122.396682 37.720266))"
230.03,494062,430059,479320,595757,678252,796473,852562,911102,969143,96.15817448012598,"POLYGON ((-122.400022 37.732311, -122.398488 37.733808, -122.396515 37.737156, -122.392776 37.735038, -122.393904 37.733788, -122.391617 37.732487, -122.391891 37.731684, -122.392699 37.729284, -122.396409 37.72980099999999, -122.399867 37.730292, -122.399423 37.731703, -122.400022 37.732311))"
230.01,494062,430059,479320,595757,678252,796473,852562,911102,969143,96.15817448012598,"POLYGON ((-122.406853 37.73805, -122.399685 37.739902, -122.395945 37.737784, -122.396515 37.737156, -122.398488 37.733808, -122.400022 37.732311, -122.399423 37.731703, -122.399867 37.730292, -122.402105 37.72779, -122.402752 37.729357, -122.404657 37.732949, -122.40506 37.733652, -122.406295 37.735307, -122.406551 37.735721, -122.406853 37.73805))"
610,494062,430059,479320,595757,678252,796473,852562,911102,969143,96.15817448012598,"POLYGON ((-122.405582 37.708231, -122.404821 37.709747, -122.404348 37.710443, -122.403109 37.711998, -122.402546 37.712266, -122.400626 37.712984, -122.398328 37.716259, -122.398515 37.717664, -122.397025 37.719515, -122.396682 37.720266, -122.393545 37.718487, -122.391141 37.71803999999999, -122.388131 37.71629799999999, -122.38685 37.717509, -122.386265 37.717179, -122.38282 37.721872, -122.383251 37.720151, -122.374980911262 37.71555763121989, -122.377251 37.714557, -122.379568 37.711491, -122.37529 37.708482, -122.390674 37.70864, -122.39137503156 37.708331, -122.393635 37.708244, -122.395107 37.708339, -122.404682 37.708331, -122.405292 37.708262, -122.405582 37.708231))"
9809,494062,430059,479320,595757,678252,796473,852562,911102,969143,96.15817448012598,"POLYGON ((-122.406952 37.740495, -122.40459 37.744126, -122.403561 37.747762, -122.403569 37.749475, -122.402605 37.750558, -122.396408 37.751179, -122.394587 37.752427, -122.390683 37.752663, -122.381711 37.753186, -122.380985 37.753228, -122.378560351096 37.7535517721854, -122.376716 37.752094, -122.376241 37.748523, -122.373364367386 37.7457632793685, -122.376847 37.740192, -122.37911 37.73768, -122.380887 37.738828, -122.381558 37.738123, -122.385282 37.74024, -122.387143 37.741297, -122.387705 37.742697, -122.389425 37.738803, -122.391268 37.739853, -122.394093 37.736729, -122.395945 37.737784, -122.399685 37.739902, -122.406853 37.73805, -122.406952 37.740495))"
612,494062,430059,479320,595757,678252,796473,852562,911102,969143,96.15817448012598,"POLYGON ((-122.395945 37.737784, -122.394093 37.736729, -122.391268 37.739853, -122.389425 37.738803, -122.387705 37.742697, -122.387143 37.741297, -122.385282 37.74024, -122.388529 37.736475, -122.38717 37.735698, -122.387399 37.734738, -122.389035 37.732919, -122.39106 37.734066, -122.391617 37.732487, -122.393904 37.733788, -122.392776 37.735038, -122.396515 37.737156, -122.395945 37.737784))"
231.02,494062,430059,479320,595757,678252,796473,852562,911102,969143,96.15817448012598,"POLYGON ((-122.387399 37.734738, -122.38717 37.735698, -122.388529 37.736475, -122.385282 37.74024, -122.381558 37.738123, -122.384047 37.737514, -122.382919 37.734511, -122.380186 37.73266, -122.381284 37.734034, -122.379932 37.733381, -122.379779 37.730799, -122.381439 37.730582, -122.38209 37.730635, -122.383431 37.729738, -122.385287 37.730791, -122.389035 37.732919, -122.387399 37.734738))"
232,494062,430059,479320,595757,678252,796473,852562,911102,969143,96.15817448012598,"POLYGON ((-122.392699 37.729284, -122.391891 37.731684, -122.391617 37.732487, -122.39106 37.734066, -122.389035 37.732919, -122.385287 37.730791, -122.383431 37.729738, -122.379697 37.727618, -122.377833 37.72656, -122.382176 37.722246, -122.385024 37.724098, -122.386899 37.724289, -122.384517 37.722862, -122.38521 37.723088, -122.38793 37.724729, -122.389801 37.725791, -122.393284 37.727764, -122.392699 37.729284))"
258,578301,537956,608169,731958,784907,888144,915402,1027051,1113506,92.54782544038486,"POLYGON ((-122.405572 37.724461, -122.4026 37.725235, -122.402061 37.72392, -122.400785 37.723616, -122.398863 37.718683, -122.399615 37.716278, -122.400435 37.719162, -122.402103 37.718721, -122.403078 37.72113, -122.404059 37.720864, -122.405572 37.724461))"
259,578301,537956,608169,731958,784907,888144,915402,1027051,1113506,92.54782544038486,"POLYGON ((-122.418888 37.72496599999999, -122.418404 37.726425, -122.41446 37.727457, -122.410519 37.728488, -122.408529 37.723688, -122.405572 37.724461, -122.404059 37.720864, -122.403078 37.72113, -122.402103 37.718721, -122.403071 37.71846499999999, -122.4061 37.719837, -122.406665 37.719215, -122.407036 37.720085, -122.41099 37.719074, -122.412468 37.722658, -122.412969 37.723858, -122.416632 37.722157, -122.419875 37.72471, -122.418888 37.72496599999999))"
257.01,578301,537956,608169,731958,784907,888144,915402,1027051,1113506,92.54782544038486,"POLYGON ((-122.421703 37.731807, -122.415939 37.732072, -122.414388 37.732417, -122.409798 37.734828, -122.408779 37.735817, -122.408217 37.737612, -122.406853 37.73805, -122.406551 37.735721, -122.406295 37.735307, -122.405608 37.732439, -122.408509 37.731552, -122.40756 37.729261, -122.410519 37.728488, -122.41446 37.727457, -122.415193 37.729223, -122.416637 37.728809, -122.419486 37.729046, -122.419514 37.73149, -122.421703 37.731807))"
257.02,578301,537956,608169,731958,784907,888144,915402,1027051,1113506,92.54782544038486,"POLYGON ((-122.410519 37.728488, -122.40756 37.729261, -122.408509 37.731552, -122.405608 37.732439, -122.406295 37.735307, -122.40506 37.733652, -122.404657 37.732949, -122.402752 37.729357, -122.402105 37.72779, -122.401183 37.724588, -122.400785 37.723616, -122.402061 37.72392, -122.4026 37.725235, -122.405572 37.724461, -122.408529 37.723688, -122.410519 37.728488))"
302.02,889123,866659,972696,1109486,1241691,1445358,1450703,1600660,1766524,98.68162222774576,"POLYGON ((-122.47073 37.76577899999999, -122.464297 37.765963, -122.464172 37.764131, -122.464042 37.762269, -122.463912 37.760405, -122.469263 37.760171, -122.470335 37.760124, -122.470468 37.762027, -122.470595 37.763849, -122.47073 37.76577899999999))"
302.01,889123,866659,972696,1109486,1241691,1445358,1450703,1600660,1766524,98.68162222774576,"POLYGON ((-122.477261 37.765486, -122.47073 37.76577899999999, -122.470595 37.763849, -122.470468 37.762027, -122.470335 37.760124, -122.476762 37.759837, -122.476974 37.761701, -122.477116 37.763562, -122.477261 37.765486))"
301.01,889123,866659,972696,1109486,1241691,1445358,1450703,1600660,1766524,98.68162222774576,"POLYGON ((-122.464297 37.765963, -122.46109 37.766132, -122.458405 37.76616, -122.45779 37.766015, -122.456913 37.765874, -122.452947 37.766374, -122.452758 37.765443, -122.452569 37.764509, -122.455466 37.764161, -122.457536 37.763566, -122.460843 37.762628, -122.462972 37.762316, -122.463226 37.758562, -122.463782 37.758538, -122.463912 37.760405, -122.464042 37.762269, -122.464172 37.764131, -122.464297 37.765963))"
303.02,889123,866659,972696,1109486,1241691,1445358,1450703,1600660,1766524,98.68162222774576,"POLYGON ((-122.4766 37.756108, -122.473683 37.756237, -122.47121 37.755194, -122.470908 37.752616, -122.47068 37.752376, -122.469782 37.752675, -122.468335 37.753244, -122.4666 37.752803, -122.464462 37.752899, -122.463442 37.751195, -122.464186 37.750717, -122.465403 37.750986, -122.466469 37.750939, -122.466336 37.749075, -122.469549 37.748903, -122.470595 37.748869, -122.476131 37.748643, -122.476221 37.750509, -122.476355 37.752376, -122.4766 37.756108))"
301.02,889123,866659,972696,1109486,1241691,1445358,1450703,1600660,1766524,98.68162222774576,"POLYGON ((-122.463782 37.758538, -122.463226 37.758562, -122.462972 37.762316, -122.460843 37.762628, -122.457536 37.763566, -122.455466 37.764161, -122.452569 37.764509, -122.4524 37.763669, -122.451958 37.761478, -122.44912 37.761648, -122.446783 37.761781, -122.446394 37.760907, -122.446395 37.758856, -122.447915 37.757589, -122.448535 37.759045, -122.451367 37.758576, -122.453872 37.757378, -122.454078 37.757027, -122.454172 37.756507, -122.455537 37.753774, -122.456091 37.751804, -122.46147 37.751522, -122.462108 37.75197199999999, -122.463361 37.753039, -122.46377 37.754142, -122.463658 37.756764, -122.463782 37.758538))"
303.01,889123,866659,972696,1109486,1241691,1445358,1450703,1600660,1766524,98.68162222774576,"POLYGON ((-122.476762 37.759837, -122.470335 37.760124, -122.469263 37.760171, -122.463912 37.760405, -122.463782 37.758538, -122.463658 37.756764, -122.46377 37.754142, -122.463361 37.753039, -122.463433 37.753028, -122.464462 37.752899, -122.4666 37.752803, -122.468335 37.753244, -122.469782 37.752675, -122.47068 37.752376, -122.470908 37.752616, -122.47121 37.755194, -122.473683 37.756237, -122.4766 37.756108, -122.476699 37.757968, -122.47687 37.759832, -122.476762 37.759837))"
314,567715,517240,577392,713520,774339,851955,847883,945840,1056262,86.05497476726879,"POLYGON ((-122.46264 37.717936, -122.462245 37.71822, -122.459187 37.71823, -122.456108 37.718235, -122.454189 37.718239, -122.453378 37.717768, -122.451895 37.716978, -122.450378 37.716169, -122.448582 37.718411, -122.448727 37.71745, -122.449627 37.715739, -122.452884 37.712829, -122.455028 37.711317, -122.455619 37.711066, -122.456376 37.710825, -122.457312 37.710648, -122.460858 37.710586, -122.462556 37.711254, -122.462569 37.71315, -122.462602 37.714308, -122.462615 37.715619, -122.46264 37.717936))"
313.02,567715,517240,577392,713520,774339,851955,847883,945840,1056262,86.05497476726879,"POLYGON ((-122.471572 37.716126, -122.468017 37.716103, -122.468036 37.7179, -122.466235 37.717912, -122.46264 37.717936, -122.462615 37.715619, -122.462602 37.714308, -122.462569 37.71315, -122.462556 37.711254, -122.460858 37.710586, -122.465994 37.710154, -122.468939 37.708232, -122.469236 37.708232, -122.471319 37.708305, -122.471215 37.708939, -122.471355 37.712802, -122.471472 37.713427, -122.472672 37.717248, -122.471572 37.716126))"
402,1020187,989970,1135069,1315583,1474860,1689190,1675542,1856420,2100026,105.84716331417671,"POLYGON ((-122.472583 37.786317, -122.472352 37.787234, -122.470912 37.787221, -122.466924 37.788132, -122.464781 37.788564, -122.464551 37.784792, -122.464284 37.781089, -122.466432 37.78099, -122.467492 37.780938, -122.472264 37.780747, -122.472379 37.782581, -122.472516 37.784453, -122.472583 37.786317))"
451,1020187,989970,1135069,1315583,1474860,1689190,1675542,1856420,2100026,105.84716331417671,"POLYGON ((-122.464284 37.781089, -122.461068 37.781227, -122.458878 37.781326, -122.458505 37.77619, -122.458371 37.774309, -122.460553 37.774031, -122.463749 37.773624, -122.464011 37.777235, -122.464284 37.781089))"
401,1020187,989970,1135069,1315583,1474860,1689190,1675542,1856420,2100026,105.84716331417671,"POLYGON ((-122.464781 37.788564, -122.463581 37.788806, -122.459476 37.789711, -122.459388 37.788405, -122.459179 37.785682, -122.458998 37.783189, -122.458878 37.781326, -122.461068 37.781227, -122.464284 37.781089, -122.464551 37.784792, -122.464781 37.788564))"
452,1020187,989970,1135069,1315583,1474860,1689190,1675542,1856420,2100026,105.84716331417671,"POLYGON ((-122.472264 37.780747, -122.467492 37.780938, -122.466432 37.78099, -122.464284 37.781089, -122.464011 37.777235, -122.463749 37.773624, -122.465332 37.773423, -122.466952 37.773351, -122.471706 37.773141, -122.471842 37.775006, -122.471967 37.776871, -122.472103 37.778731, -122.472264 37.780747))"
312.01,625907,592815,700204,801483,874668,993584,977821,1099467,1254734,100.46652298184875,"POLYGON ((-122.462265 37.721748, -122.462199 37.725293, -122.461202 37.724974, -122.459213 37.724563, -122.458191 37.72434399999999, -122.453105 37.723206, -122.452335 37.72318, -122.451596 37.723033, -122.449546 37.723011, -122.451646 37.719686, -122.452506 37.72003, -122.459198 37.720024, -122.459187 37.71823, -122.462245 37.71822, -122.462265 37.721748))"
312.02,625907,592815,700204,801483,874668,993584,977821,1099467,1254734,100.46652298184875,"POLYGON ((-122.459198 37.720024, -122.452506 37.72003, -122.451646 37.719686, -122.449546 37.723011, -122.447878 37.723005, -122.448582 37.718411, -122.450378 37.716169, -122.451895 37.716978, -122.453378 37.717768, -122.454189 37.718239, -122.456108 37.718235, -122.459187 37.71823, -122.459198 37.720024))"
260.03,539467,498902,569365,688659,740063,855684,900025,1023589,1135600,110.50407161142385,"POLYGON ((-122.432385 37.71929799999999, -122.431205 37.720856, -122.430026 37.722398, -122.428837 37.723955, -122.428074 37.723591, -122.424771 37.722172, -122.42583 37.719302, -122.42639 37.718561, -122.427189 37.715748, -122.431154 37.716594, -122.433555 37.717744, -122.432385 37.71929799999999))"
260.04,539467,498902,569365,688659,740063,855684,900025,1023589,1135600,110.50407161142385,"POLYGON ((-122.440141 37.717692, -122.437502 37.721176, -122.43715 37.721575, -122.433985 37.720063, -122.432385 37.71929799999999, -122.433555 37.717744, -122.431154 37.716594, -122.432777 37.714437, -122.437046 37.716008, -122.440418 37.717245, -122.440141 37.717692))"
263.01,539467,498902,569365,688659,740063,855684,900025,1023589,1135600,110.50407161142385,"POLYGON ((-122.444571 37.712783, -122.443706 37.713592, -122.441896 37.715308, -122.440999 37.716488, -122.440418 37.717245, -122.437046 37.716008, -122.432777 37.714437, -122.433682 37.713181, -122.436144 37.714254, -122.436203 37.714171, -122.436642 37.71355, -122.437811 37.71192, -122.443335 37.710555, -122.444097 37.711689, -122.444571 37.712783))"
260.02,539467,498902,569365,688659,740063,855684,900025,1023589,1135600,110.50407161142385,"POLYGON ((-122.431801 37.728249, -122.431294 37.72873, -122.43039 37.728547, -122.424199 37.728736, -122.423336 37.727792, -122.421847 37.724199, -122.423807 37.723691, -122.424771 37.722172, -122.428074 37.723591, -122.426912 37.725151, -122.432447 37.727637, -122.431801 37.728249))"
260.01,539467,498902,569365,688659,740063,855684,900025,1023589,1135600,110.50407161142385,"POLYGON ((-122.435385 37.723909, -122.434798 37.724683, -122.433982 37.725762, -122.432447 37.727637, -122.426912 37.725151, -122.428074 37.723591, -122.428837 37.723955, -122.430026 37.722398, -122.431205 37.720856, -122.432385 37.71929799999999, -122.433985 37.720063, -122.43715 37.721575, -122.435385 37.723909))"
256,539467,498902,569365,688659,740063,855684,900025,1023589,1135600,110.50407161142385,"POLYGON ((-122.431294 37.72873, -122.430199 37.729872, -122.430165 37.729851, -122.429304 37.730742, -122.428038 37.732016, -122.426104 37.731651, -122.423982 37.731552, -122.421703 37.731807, -122.419514 37.73149, -122.419486 37.729046, -122.416637 37.728809, -122.415193 37.729223, -122.41446 37.727457, -122.418404 37.726425, -122.418888 37.72496599999999, -122.419875 37.72471, -122.421847 37.724199, -122.423336 37.727792, -122.424199 37.728736, -122.43039 37.728547, -122.431294 37.72873))"
263.02,539467,498902,569365,688659,740063,855684,900025,1023589,1135600,110.50407161142385,"POLYGON ((-122.437811 37.71192, -122.436642 37.71355, -122.436203 37.714171, -122.436144 37.714254, -122.433682 37.713181, -122.432777 37.714437, -122.431154 37.716594, -122.427189 37.715748, -122.425548 37.714517, -122.426737 37.711225, -122.424478 37.71011, -122.423377 37.709203, -122.42389 37.708236, -122.428082 37.708431, -122.430027 37.708281, -122.431341 37.708231, -122.433382 37.708232, -122.433982 37.708132, -122.435382 37.708132, -122.436771 37.710156, -122.436993 37.710746, -122.43837 37.711133, -122.437811 37.71192))"
263.03,539467,498902,569365,688659,740063,855684,900025,1023589,1135600,110.50407161142385,"POLYGON ((-122.452665 37.708806, -122.449309 37.709946, -122.446091 37.711592, -122.444571 37.712783, -122.444097 37.711689, -122.443335 37.710555, -122.437811 37.71192, -122.43837 37.711133, -122.436993 37.710746, -122.436771 37.710156, -122.435382 37.708132, -122.440781 37.708304, -122.442079 37.708231, -122.444482 37.708332, -122.445875 37.708233, -122.449751 37.708213, -122.4523 37.708138, -122.45247 37.708148, -122.453983 37.708232, -122.452665 37.708806))"
118,1214955,1153583,1304190,1448001,1537678,1630621,1581876,1627311,1697203,39.69266351428654,"POLYGON ((-122.407903 37.79406, -122.404796 37.794453, -122.404613 37.793565, -122.404418 37.792639, -122.407536 37.792249, -122.407903 37.79406))"
611,1214955,1153583,1304190,1448001,1537678,1630621,1581876,1627311,1697203,39.69266351428654,"POLYGON ((-122.408431 37.796704, -122.405513 37.797065, -122.402041 37.797505, -122.400681 37.796777, -122.400149 37.794134, -122.404613 37.793565, -122.404796 37.794453, -122.407903 37.79406, -122.408253 37.795824, -122.408431 37.796704))"
107,1214955,1153583,1304190,1448001,1537678,1630621,1581876,1627311,1697203,39.69266351428654,"POLYGON ((-122.412908 37.802184, -122.411376 37.801125, -122.409014 37.79949, -122.407869 37.798697, -122.407083 37.798152, -122.406668 37.797865, -122.405513 37.797065, -122.408431 37.796704, -122.411719 37.796291, -122.411911 37.797245, -122.412283 37.799096, -122.412471 37.800032, -122.412849 37.801893, -122.412908 37.802184))"
113,1214955,1153583,1304190,1448001,1537678,1630621,1581876,1627311,1697203,39.69266351428654,"POLYGON ((-122.411719 37.796291, -122.408431 37.796704, -122.408253 37.795824, -122.407903 37.79406, -122.407536 37.792249, -122.409171 37.792043, -122.409541 37.793852, -122.409722 37.794737, -122.411364 37.794527, -122.411719 37.796291))"
203,939277,901842,1054539,1197639,1321667,1476607,1563953,1653765,1737926,85.0280588154506,"POLYGON ((-122.435193 37.762727, -122.430824 37.766014, -122.428949 37.767504, -122.428635 37.767846, -122.426948 37.769175, -122.426713 37.768982, -122.426462 37.766272, -122.426293 37.764651, -122.426137 37.763036, -122.430727 37.762753, -122.432124 37.762668, -122.435188 37.762671, -122.435193 37.762727))"
170,939277,901842,1054539,1197639,1321667,1476607,1563953,1653765,1737926,85.0280588154506,"POLYGON ((-122.446247 37.762247, -122.443538 37.765323, -122.443347 37.765333, -122.442575 37.765928, -122.442009 37.765907, -122.439301 37.768166, -122.438338 37.76900699999999, -122.436588 37.769001, -122.435794 37.769058, -122.435472 37.765727, -122.435193 37.762727, -122.435837 37.762485, -122.439491 37.762227, -122.440168 37.762187, -122.444196 37.761947, -122.446384 37.761816, -122.446247 37.762247))"
204.01,939277,901842,1054539,1197639,1321667,1476607,1563953,1653765,1737926,85.0280588154506,"POLYGON ((-122.447915 37.757589, -122.446395 37.758856, -122.446394 37.760907, -122.446783 37.761781, -122.446384 37.761816, -122.444196 37.761947, -122.440168 37.762187, -122.439491 37.762227, -122.439337 37.760627, -122.439167 37.759028, -122.442175 37.758939, -122.442258 37.757734, -122.44222 37.756639, -122.445106 37.756961, -122.444485 37.756354, -122.445283 37.756573, -122.44695 37.75655, -122.447915 37.757589))"
205,939277,901842,1054539,1197639,1321667,1476607,1563953,1653765,1737926,85.0280588154506,"POLYGON ((-122.439491 37.762227, -122.435837 37.762485, -122.435193 37.762727, -122.435188 37.762671, -122.435001 37.760889, -122.434854 37.759289, -122.434698 37.757687, -122.434546 37.756093, -122.437769 37.755541, -122.438864 37.755434, -122.439167 37.759028, -122.439337 37.760627, -122.439491 37.762227))"
169,939277,901842,1054539,1197639,1321667,1476607,1563953,1653765,1737926,85.0280588154506,"POLYGON ((-122.435794 37.769058, -122.433572 37.769178, -122.43157 37.769307, -122.42822 37.769441, -122.426402 37.769596, -122.426948 37.769175, -122.428635 37.767846, -122.428949 37.767504, -122.430824 37.766014, -122.435193 37.762727, -122.435472 37.765727, -122.435794 37.769058))"
206,939277,901842,1054539,1197639,1321667,1476607,1563953,1653765,1737926,85.0280588154506,"POLYGON ((-122.435188 37.762671, -122.432124 37.762668, -122.430727 37.762753, -122.426137 37.763036, -122.425836 37.759835, -122.425685 37.758232, -122.425532 37.756636, -122.430115 37.75636, -122.432331 37.756227, -122.434546 37.756093, -122.434698 37.757687, -122.434854 37.759289, -122.435001 37.760889, -122.435188 37.762671))"
214,1088562,1019965,1253199,1336541,1654869,1838801,1882039,2024003,2157111,98.16151950922409,"POLYGON ((-122.43409 37.751304, -122.429659 37.751571, -122.425097 37.751845, -122.424934 37.750237, -122.424777 37.748644, -122.42485 37.747825, -122.427045 37.747696, -122.431477 37.747434, -122.433697 37.747297, -122.433769 37.748097, -122.43409 37.751304))"
213,1088562,1019965,1253199,1336541,1654869,1838801,1882039,2024003,2157111,98.16151950922409,"POLYGON ((-122.44462 37.747081, -122.443421 37.750099, -122.443255 37.750769, -122.438474 37.751024, -122.43409 37.751304, -122.433769 37.748097, -122.433697 37.747297, -122.435916 37.747179, -122.43809 37.74705, -122.438246 37.748665, -122.441408 37.74861, -122.443961 37.746765, -122.444556 37.746687, -122.44462 37.747081))"
216,1088562,1019965,1253199,1336541,1654869,1838801,1882039,2024003,2157111,98.16151950922409,"POLYGON ((-122.447399 37.746596, -122.444857 37.747025, -122.444556 37.746687, -122.443961 37.746765, -122.441408 37.74861, -122.438246 37.748665, -122.43809 37.74705, -122.435916 37.747179, -122.433697 37.747297, -122.431477 37.747434, -122.431256 37.74503199999999, -122.431022 37.742631, -122.430888 37.741833, -122.433259 37.741903, -122.43332 37.743296, -122.435559 37.743161, -122.43556 37.74155, -122.440049 37.745299, -122.444148 37.743297, -122.445214 37.743688, -122.447399 37.746596))"
211,1088562,1019965,1253199,1336541,1654869,1838801,1882039,2024003,2157111,98.16151950922409,"POLYGON ((-122.434546 37.756093, -122.432331 37.756227, -122.430115 37.75636, -122.425532 37.756636, -122.425384 37.755035, -122.42524 37.753436, -122.425097 37.751845, -122.429659 37.751571, -122.43409 37.751304, -122.43424 37.752891, -122.434317 37.75369, -122.434546 37.756093))"
212,1088562,1019965,1253199,1336541,1654869,1838801,1882039,2024003,2157111,98.16151950922409,"POLYGON ((-122.442525 37.75238, -122.440345 37.755228, -122.438864 37.755434, -122.437769 37.755541, -122.434546 37.756093, -122.434317 37.75369, -122.43424 37.752891, -122.43409 37.751304, -122.438474 37.751024, -122.443255 37.750769, -122.442525 37.75238))"
215,1088562,1019965,1253199,1336541,1654869,1838801,1882039,2024003,2157111,98.16151950922409,"POLYGON ((-122.431477 37.747434, -122.427045 37.747696, -122.42485 37.747825, -122.421393 37.748124, -122.421704 37.746412, -122.422174 37.745614, -122.422709 37.74393999999999, -122.423361 37.74229, -122.430888 37.741833, -122.431022 37.742631, -122.431256 37.74503199999999, -122.431477 37.747434))"
329.01,784971,729333,820315,955678,1049209,1180735,1201902,1350316,1426100,81.67550138794937,"POLYGON ((-122.495046 37.749681, -122.485857 37.750085, -122.485727 37.74822, -122.485597 37.746354, -122.485466 37.744493, -122.485335 37.742626, -122.494504 37.742222, -122.494646 37.744089, -122.494774 37.745949, -122.494911 37.747814, -122.495046 37.749681))"
328.02,784971,729333,820315,955678,1049209,1180735,1201902,1350316,1426100,81.67550138794937,"POLYGON ((-122.486248 37.755683, -122.484104 37.75577699999999, -122.479817 37.755966, -122.4766 37.756108, -122.476355 37.752376, -122.476221 37.750509, -122.479426 37.750368, -122.479296 37.748504, -122.485727 37.74822, -122.485857 37.750085, -122.485988 37.751951, -122.486118 37.753815, -122.486248 37.755683))"
329.02,784971,729333,820315,955678,1049209,1180735,1201902,1350316,1426100,81.67550138794937,"POLYGON ((-122.495433 37.755273, -122.492675 37.755398, -122.486248 37.755683, -122.486118 37.753815, -122.485988 37.751951, -122.485857 37.750085, -122.495046 37.749681, -122.495165 37.751543, -122.495307 37.75341, -122.495433 37.755273))"
353,784971,729333,820315,955678,1049209,1180735,1201902,1350316,1426100,81.67550138794937,"POLYGON ((-122.50193 37.749377, -122.499784 37.749472, -122.499914 37.751334, -122.495165 37.751543, -122.495046 37.749681, -122.494911 37.747814, -122.494774 37.745949, -122.494646 37.744089, -122.494504 37.742222, -122.494404 37.740352, -122.494253 37.738493, -122.494126 37.736631, -122.493784 37.733989, -122.496564 37.733856, -122.497487 37.733925, -122.499139 37.734404, -122.501041 37.7353, -122.501142 37.738192, -122.501404 37.74191, -122.501536 37.743785, -122.50193 37.749377))"
330,784971,729333,820315,955678,1049209,1180735,1201902,1350316,1426100,81.67550138794937,"POLYGON ((-122.494504 37.742222, -122.485335 37.742626, -122.475726 37.743049, -122.475621 37.741183, -122.475485 37.739321, -122.47539 37.73745, -122.475189 37.734762, -122.479547 37.734619, -122.480254 37.73459, -122.485518 37.734356, -122.485855 37.734182, -122.491294 37.734096, -122.493784 37.733989, -122.494126 37.736631, -122.494253 37.738493, -122.494404 37.740352, -122.494504 37.742222))"
354,784971,729333,820315,955678,1049209,1180735,1201902,1350316,1426100,81.67550138794937,"POLYGON ((-122.509993368973 37.74881495033259, -122.507942 37.749111, -122.505148 37.749235, -122.50193 37.749377, -122.501536 37.743785, -122.501404 37.74191, -122.501142 37.738192, -122.501041 37.7353, -122.502031 37.735515, -122.505262 37.735565, -122.506796 37.73555899999999, -122.508121548602 37.7354395332202, -122.509993368973 37.74881495033259))"
328.01,784971,729333,820315,955678,1049209,1180735,1201902,1350316,1426100,81.67550138794937,"POLYGON ((-122.485727 37.74822, -122.479296 37.748504, -122.479426 37.750368, -122.476221 37.750509, -122.476131 37.748643, -122.476007 37.746778, -122.475854 37.744915, -122.475726 37.743049, -122.485335 37.742626, -122.485466 37.744493, -122.485597 37.746354, -122.485727 37.74822))"
331,784971,729333,820315,955678,1049209,1180735,1201902,1350316,1426100,81.67550138794937,"POLYGON ((-122.499059 37.731576, -122.496564 37.733856, -122.493784 37.733989, -122.491294 37.734096, -122.485855 37.734182, -122.485518 37.734356, -122.480254 37.73459, -122.479547 37.734619, -122.475189 37.734762, -122.475173 37.734562, -122.474972 37.731072, -122.480015 37.731148, -122.48193 37.731172, -122.485302 37.730946, -122.486179 37.730879, -122.486606 37.729555, -122.48889 37.730257, -122.492161 37.728836, -122.493529 37.729594, -122.497017 37.729303, -122.499059 37.731576))"
332.03,878778,817168,907777,1055180,1166144,1207580,1342589,1452542,1555005,76.95083399903048,"POLYGON ((-122.485124 37.718575, -122.484832 37.718571, -122.483143 37.718517, -122.483205 37.717585, -122.479981 37.716942, -122.478674 37.717903, -122.47724 37.717709, -122.475818 37.716891, -122.474383 37.717507, -122.474528 37.719065, -122.472672 37.717248, -122.471472 37.713427, -122.471355 37.712802, -122.476624 37.714567, -122.485043 37.714754, -122.485124 37.718575))"
332.04,878778,817168,907777,1055180,1166144,1207580,1342589,1452542,1555005,76.95083399903048,"POLYGON ((-122.484909 37.724032, -122.479631 37.719663, -122.478988 37.720844, -122.475347 37.720914, -122.475368 37.72037, -122.474528 37.719065, -122.474383 37.717507, -122.475818 37.716891, -122.47724 37.717709, -122.478674 37.717903, -122.479981 37.716942, -122.483205 37.717585, -122.483143 37.718517, -122.484832 37.718571, -122.485124 37.718575, -122.484909 37.724032))"
332.01,878778,817168,907777,1055180,1166144,1207580,1342589,1452542,1555005,76.95083399903048,"POLYGON ((-122.486179 37.730879, -122.485302 37.730946, -122.48193 37.731172, -122.480015 37.731148, -122.474972 37.731072, -122.474634 37.728992, -122.474745 37.72693599999999, -122.475347 37.720914, -122.478988 37.720844, -122.479631 37.719663, -122.484909 37.724032, -122.483811 37.727029, -122.486606 37.729555, -122.486179 37.730879))"
604,878778,817168,907777,1055180,1166144,1207580,1342589,1452542,1555005,76.95083399903048,"POLYGON ((-122.506796 37.73555899999999, -122.505262 37.735565, -122.502031 37.735515, -122.501041 37.7353, -122.499139 37.734404, -122.497487 37.733925, -122.496564 37.733856, -122.499059 37.731576, -122.497017 37.729303, -122.493529 37.729594, -122.492161 37.728836, -122.48889 37.730257, -122.486606 37.729555, -122.483811 37.727029, -122.484909 37.724032, -122.485124 37.718575, -122.485043 37.714754, -122.476624 37.714567, -122.471355 37.712802, -122.471215 37.708939, -122.471319 37.708305, -122.486042 37.708233, -122.502426880724 37.7081329861058, -122.506483 37.723731, -122.508121548602 37.7354395332202, -122.506796 37.73555899999999))"
426.02,819465,786980,870549,1026831,1191766,1331618,1420534,1477946,1594592,94.58939674055634,"POLYGON ((-122.478714 37.786031, -122.472583 37.786317, -122.472516 37.784453, -122.472379 37.782581, -122.472264 37.780747, -122.47831 37.780449, -122.478444 37.782308, -122.478579 37.784174, -122.478714 37.786031))"
479.01,819465,786980,870549,1026831,1191766,1331618,1420534,1477946,1594592,94.58939674055634,"POLYGON ((-122.514483 37.780829, -122.509842514521 37.7846145393916, -122.507484 37.782185, -122.510781 37.782059, -122.509879 37.780627, -122.509593 37.780173, -122.509228 37.777044, -122.506022 37.77719, -122.501733 37.777385, -122.498521 37.777531, -122.498386 37.775667, -122.49825 37.7738, -122.498114 37.771934, -122.505611 37.771592, -122.511124 37.771323, -122.513067688424 37.7707830331714, -122.513128 37.771214, -122.514483 37.780829))"
478.01,819465,786980,870549,1026831,1191766,1331618,1420534,1477946,1594592,94.58939674055634,"POLYGON ((-122.497455 37.777579, -122.493168 37.777774, -122.493305 37.77975199999999, -122.491172 37.779869, -122.489019 37.779977, -122.488876 37.777972, -122.488741 37.776107, -122.488606 37.774241, -122.488471 37.772374, -122.494903 37.772081, -122.495039 37.773947, -122.495175 37.775813, -122.497319 37.775715, -122.497455 37.777579))"
477.02,819465,786980,870549,1026831,1191766,1331618,1420534,1477946,1594592,94.58939674055634,"POLYGON ((-122.488741 37.776107, -122.482318 37.7764, -122.479106 37.776546, -122.478972 37.774681, -122.478837 37.772815, -122.482049 37.772667, -122.488471 37.772374, -122.488606 37.774241, -122.488741 37.776107))"
479.02,819465,786980,870549,1026831,1191766,1331618,1420534,1477946,1594592,94.58939674055634,"POLYGON ((-122.509879 37.780627, -122.506509 37.780857, -122.505226 37.781077, -122.502012 37.781227, -122.498801 37.781377, -122.498669 37.779507, -122.498521 37.777531, -122.501733 37.777385, -122.506022 37.77719, -122.509228 37.777044, -122.509593 37.780173, -122.509879 37.780627))"
427,819465,786980,870549,1026831,1191766,1331618,1420534,1477946,1594592,94.58939674055634,"POLYGON ((-122.493491 37.783498, -122.490364 37.78364, -122.487151 37.783785, -122.487286 37.785649, -122.48408 37.785795, -122.483936 37.783931, -122.483804 37.782077, -122.483667 37.780207, -122.489019 37.779977, -122.491172 37.779869, -122.493305 37.77975199999999, -122.493446 37.781627, -122.493491 37.783498))"
477.01,819465,786980,870549,1026831,1191766,1331618,1420534,1477946,1594592,94.58939674055634,"POLYGON ((-122.489019 37.779977, -122.483667 37.780207, -122.482598 37.780265, -122.479388 37.780403, -122.479241 37.778408, -122.479106 37.776546, -122.482318 37.7764, -122.488741 37.776107, -122.488876 37.777972, -122.489019 37.779977))"
426.01,819465,786980,870549,1026831,1191766,1331618,1420534,1477946,1594592,94.58939674055634,"POLYGON ((-122.48408 37.785795, -122.478714 37.786031, -122.478579 37.784174, -122.478444 37.782308, -122.47831 37.780449, -122.479388 37.780403, -122.482598 37.780265, -122.483667 37.780207, -122.483804 37.782077, -122.483936 37.783931, -122.48408 37.785795))"
476,819465,786980,870549,1026831,1191766,1331618,1420534,1477946,1594592,94.58939674055634,"POLYGON ((-122.479388 37.780403, -122.47831 37.780449, -122.472264 37.780747, -122.472103 37.778731, -122.471967 37.776871, -122.471842 37.775006, -122.471706 37.773141, -122.478837 37.772815, -122.478972 37.774681, -122.479106 37.776546, -122.479241 37.778408, -122.479388 37.780403))"
478.02,819465,786980,870549,1026831,1191766,1331618,1420534,1477946,1594592,94.58939674055634,"POLYGON ((-122.498801 37.781377, -122.493446 37.781627, -122.493305 37.77975199999999, -122.493168 37.777774, -122.497455 37.777579, -122.497319 37.775715, -122.495175 37.775813, -122.495039 37.773947, -122.494903 37.772081, -122.498114 37.771934, -122.49825 37.7738, -122.498386 37.775667, -122.498521 37.777531, -122.498669 37.779507, -122.498801 37.781377))"
313.01,546726,499287,577104,696066,760620,854881,881787,988558,1035950,89.48248299879647,"POLYGON ((-122.472547 37.71964, -122.47244 37.721603, -122.471983 37.721661, -122.46974 37.721644, -122.466278 37.721668, -122.462265 37.721748, -122.462245 37.71822, -122.46264 37.717936, -122.466235 37.717912, -122.468036 37.7179, -122.468017 37.716103, -122.471572 37.716126, -122.472672 37.717248, -122.472547 37.71964))"
254.03,854530,821968,929804,1110545,1260426,1415788,1418799,1473812,1591865,86.28544346014768,"POLYGON ((-122.426722 37.736372, -122.422688 37.735205, -122.422121 37.735153, -122.420224 37.735058, -122.420163 37.735777, -122.41676 37.735605, -122.416824 37.734888, -122.414313 37.734763, -122.412447 37.73467, -122.410513 37.734592, -122.409798 37.734828, -122.414388 37.732417, -122.415939 37.732072, -122.421703 37.731807, -122.423982 37.731552, -122.426104 37.731651, -122.428038 37.732016, -122.426158 37.733971, -122.428573 37.735082, -122.426722 37.736372))"
254.01,854530,821968,929804,1110545,1260426,1415788,1418799,1473812,1591865,86.28544346014768,"POLYGON ((-122.425286 37.73764, -122.424724 37.738431, -122.42427 37.739866, -122.422841 37.741027, -122.421742 37.740581, -122.418584 37.739297, -122.415899 37.739002, -122.415955 37.73721099999999, -122.41676 37.735605, -122.420163 37.735777, -122.420224 37.735058, -122.422121 37.735153, -122.422688 37.735205, -122.426722 37.736372, -122.425286 37.73764))"
254.02,854530,821968,929804,1110545,1260426,1415788,1418799,1473812,1591865,86.28544346014768,"POLYGON ((-122.41676 37.735605, -122.415955 37.73721099999999, -122.415899 37.739002, -122.415184 37.738933, -122.413938 37.73893, -122.411992 37.73971, -122.410507 37.739779, -122.410377 37.736894, -122.408217 37.737612, -122.408779 37.735817, -122.409798 37.734828, -122.410513 37.734592, -122.412447 37.73467, -122.414313 37.734763, -122.416824 37.734888, -122.41676 37.735605))"
253,854530,821968,929804,1110545,1260426,1415788,1418799,1473812,1591865,86.28544346014768,"POLYGON ((-122.424258 37.739935, -122.423361 37.74229, -122.422709 37.74393999999999, -122.422174 37.745614, -122.421704 37.746412, -122.421393 37.748124, -122.420282 37.748161, -122.418206 37.748203, -122.419121 37.746775, -122.417819 37.745965, -122.41764 37.745882, -122.416103 37.745253, -122.418752 37.74118, -122.41777 37.740564, -122.418584 37.739297, -122.421742 37.740581, -122.422841 37.741027, -122.42427 37.739866, -122.424258 37.739935))"
252,854530,821968,929804,1110545,1260426,1415788,1418799,1473812,1591865,86.28544346014768,"POLYGON ((-122.418206 37.748203, -122.41587 37.748267, -122.413673 37.748297, -122.411488 37.748344, -122.410551 37.748367, -122.410619 37.746941, -122.410441 37.744918, -122.409378 37.742923, -122.410662 37.742424, -122.410365 37.741362, -122.410507 37.739779, -122.411992 37.73971, -122.413938 37.73893, -122.415184 37.738933, -122.415899 37.739002, -122.418584 37.739297, -122.41777 37.740564, -122.418752 37.74118, -122.416103 37.745253, -122.41764 37.745882, -122.417819 37.745965, -122.419121 37.746775, -122.418206 37.748203))"
251,854530,821968,929804,1110545,1260426,1415788,1418799,1473812,1591865,86.28544346014768,"POLYGON ((-122.410662 37.742424, -122.409378 37.742923, -122.410441 37.744918, -122.410619 37.746941, -122.410551 37.748367, -122.40871 37.748397, -122.406788 37.748805, -122.405239 37.749125, -122.403784 37.749433, -122.403569 37.749475, -122.403561 37.747762, -122.40459 37.744126, -122.406952 37.740495, -122.406853 37.73805, -122.408217 37.737612, -122.410377 37.736894, -122.410507 37.739779, -122.410365 37.741362, -122.410662 37.742424))"
156,946084,937616,1121805,1292273,1449191,1644684,1609963,1788078,2021840,113.70618253770279,"POLYGON ((-122.458878 37.781326, -122.456304 37.78144899999999, -122.454186 37.781651, -122.453385 37.77782699999999, -122.455217 37.777599, -122.454683 37.774755, -122.458371 37.774309, -122.458505 37.77619, -122.458878 37.781326))"
157,946084,937616,1121805,1292273,1449191,1644684,1609963,1788078,2021840,113.70618253770279,"POLYGON ((-122.455217 37.777599, -122.453385 37.77782699999999, -122.454186 37.781651, -122.447302 37.782392, -122.445826 37.782512, -122.442793 37.782885, -122.441512 37.782096, -122.440958 37.779364, -122.442053 37.779244, -122.441866 37.7783, -122.441488 37.776435, -122.44478 37.776017, -122.446471 37.775802, -122.448068 37.775599, -122.451358 37.775175, -122.454683 37.774755, -122.455217 37.777599))"
165,946084,937616,1121805,1292273,1449191,1644684,1609963,1788078,2021840,113.70618253770279,"POLYGON ((-122.454683 37.774755, -122.451358 37.775175, -122.448068 37.775599, -122.446471 37.775802, -122.44478 37.776017, -122.441488 37.776435, -122.440922 37.773635, -122.444216 37.773212, -122.447497 37.77279, -122.450787 37.772368, -122.454083 37.77193, -122.454683 37.774755))"
131.01,1096781,1058185,1228922,1367778,1525834,1742195,1739987,1778705,1970454,79.65792624051656,"POLYGON ((-122.426893 37.79627199999999, -122.423705 37.796678, -122.423481 37.795739, -122.423283 37.79481, -122.423143 37.793923, -122.422801 37.792161, -122.422611 37.791277, -122.425802 37.790874, -122.426335 37.793517, -122.426893 37.79627199999999))"
132,1096781,1058185,1228922,1367778,1525834,1742195,1739987,1778705,1970454,79.65792624051656,"POLYGON ((-122.446728 37.794706, -122.440234 37.795533, -122.438591 37.795741, -122.43695 37.795949, -122.435113 37.795226, -122.433469 37.795435, -122.430183 37.795854, -122.429625 37.793098, -122.434558 37.792472, -122.436204 37.792263, -122.437846 37.792054, -122.439488 37.791843, -122.446117 37.790999, -122.4463 37.791879, -122.446728 37.794706))"
134,1096781,1058185,1228922,1367778,1525834,1742195,1739987,1778705,1970454,79.65792624051656,"POLYGON ((-122.446117 37.790999, -122.439488 37.791843, -122.437846 37.792054, -122.436204 37.792263, -122.435849 37.790502, -122.435486 37.788697, -122.438773 37.788278, -122.440488 37.788061, -122.443753 37.787647, -122.445402 37.787438, -122.445589 37.788364, -122.445758 37.789248, -122.445934 37.790119, -122.446117 37.790999))"
135,1096781,1058185,1228922,1367778,1525834,1742195,1739987,1778705,1970454,79.65792624051656,"POLYGON ((-122.436204 37.792263, -122.434558 37.792472, -122.429625 37.793098, -122.42927 37.791339, -122.428905 37.789534, -122.43384 37.788906, -122.435486 37.788697, -122.435849 37.790502, -122.436204 37.792263))"
153,1096781,1058185,1228922,1367778,1525834,1742195,1739987,1778705,1970454,79.65792624051656,"POLYGON ((-122.443753 37.787647, -122.440488 37.788061, -122.438773 37.788278, -122.435486 37.788697, -122.434918 37.785876, -122.436557 37.785668, -122.438206 37.785459, -122.443183 37.784827, -122.44337 37.785759, -122.443753 37.787647))"
131.02,1096781,1058185,1228922,1367778,1525834,1742195,1739987,1778705,1970454,79.65792624051656,"POLYGON ((-122.430183 37.795854, -122.426893 37.79627199999999, -122.426335 37.793517, -122.425802 37.790874, -122.422611 37.791277, -122.42242 37.790358, -122.425616 37.789952, -122.428905 37.789534, -122.42927 37.791339, -122.429625 37.793098, -122.430183 37.795854))"
152,1096781,1058185,1228922,1367778,1525834,1742195,1739987,1778705,1970454,79.65792624051656,"POLYGON ((-122.435486 37.788697, -122.43384 37.788906, -122.428905 37.789534, -122.425616 37.789952, -122.425047 37.78713, -122.428336 37.786713, -122.431635 37.786293, -122.434918 37.785876, -122.435486 37.788697))"
126.02,1125521,1034271,1216682,1379080,1580301,1830816,1827334,1981589,2201326,95.58284563326673,"POLYGON ((-122.441909 37.807316, -122.439690935158 37.8086811541357, -122.425942 37.810979, -122.425041162157 37.811001508766, -122.424876 37.810799, -122.426671 37.809639, -122.426613 37.808152, -122.425628 37.806456, -122.425209 37.804133, -122.430045 37.803518, -122.431679 37.803267, -122.436799 37.802715, -122.437138 37.804352, -122.441905 37.803744, -122.441909 37.807316))"
127,1125521,1034271,1216682,1379080,1580301,1830816,1827334,1981589,2201326,95.58284563326673,"POLYGON ((-122.448241130218 37.8072521685356, -122.439690935158 37.8086811541357, -122.441909 37.807316, -122.441905 37.803744, -122.441754 37.802985, -122.441368 37.801126, -122.441177 37.80019, -122.447466 37.79939, -122.44782 37.801633, -122.449179 37.802074, -122.448241130218 37.8072521685356))"
130,1125521,1034271,1216682,1379080,1580301,1830816,1827334,1981589,2201326,95.58284563326673,"POLYGON ((-122.437326 37.797811, -122.435678 37.798021, -122.434036 37.79823, -122.432393 37.79843899999999, -122.430747 37.798648, -122.427457 37.799067, -122.424275 37.799472, -122.423705 37.796678, -122.426893 37.79627199999999, -122.430183 37.795854, -122.433469 37.795435, -122.435113 37.795226, -122.43695 37.795949, -122.437326 37.797811))"
129.02,1125521,1034271,1216682,1379080,1580301,1830816,1827334,1981589,2201326,95.58284563326673,"POLYGON ((-122.436799 37.802715, -122.431679 37.803267, -122.430045 37.803518, -122.429667 37.801654, -122.42929 37.799788, -122.424464 37.800402, -122.424275 37.799472, -122.427457 37.799067, -122.430747 37.798648, -122.432393 37.79843899999999, -122.434036 37.79823, -122.435678 37.798021, -122.436274 37.800814, -122.436799 37.802715))"
129.01,1125521,1034271,1216682,1379080,1580301,1830816,1827334,1981589,2201326,95.58284563326673,"POLYGON ((-122.430045 37.803518, -122.425209 37.804133, -122.424835 37.802268, -122.424464 37.800402, -122.42929 37.799788, -122.429667 37.801654, -122.430045 37.803518))"
128,1125521,1034271,1216682,1379080,1580301,1830816,1827334,1981589,2201326,95.58284563326673,"POLYGON ((-122.447466 37.79939, -122.441177 37.80019, -122.436274 37.800814, -122.435678 37.798021, -122.437326 37.797811, -122.43695 37.795949, -122.438591 37.795741, -122.440234 37.795533, -122.446728 37.794706, -122.447015 37.796579, -122.447303 37.798459, -122.447466 37.79939))"
126.01,1125521,1034271,1216682,1379080,1580301,1830816,1827334,1981589,2201326,95.58284563326673,"POLYGON ((-122.441905 37.803744, -122.437138 37.804352, -122.436799 37.802715, -122.436274 37.800814, -122.441177 37.80019, -122.441368 37.801126, -122.441754 37.802985, -122.441905 37.803744))"
158.02,709768,657713,781028,899167,1005536,1162622,1119341,1218494,1298890,83.00205137453365,"POLYGON ((-122.442053 37.779244, -122.440958 37.779364, -122.437072 37.779867, -122.436697 37.778006, -122.433407 37.778422, -122.433219 37.77749, -122.438244 37.776848, -122.441488 37.776435, -122.441866 37.7783, -122.442053 37.779244))"
158.01,709768,657713,781028,899167,1005536,1162622,1119341,1218494,1298890,83.00205137453365,"POLYGON ((-122.44281 37.782971, -122.438901 37.78344999999999, -122.437863 37.783791, -122.434562 37.784152, -122.433973 37.781219, -122.433596 37.779355, -122.433407 37.778422, -122.436697 37.778006, -122.437072 37.779867, -122.440958 37.779364, -122.441512 37.782096, -122.442793 37.782885, -122.44281 37.782971))"
161,709768,657713,781028,899167,1005536,1162622,1119341,1218494,1298890,83.00205137453365,"POLYGON ((-122.433973 37.781219, -122.430696 37.781635, -122.427396 37.782057, -122.424108 37.782477, -122.423541 37.779674, -122.423354 37.778747, -122.424998 37.778538, -122.426641 37.778329, -122.429929 37.777909, -122.433219 37.77749, -122.433407 37.778422, -122.433596 37.779355, -122.433973 37.781219))"
159,709768,657713,781028,899167,1005536,1162622,1119341,1218494,1298890,83.00205137453365,"POLYGON ((-122.434562 37.784152, -122.431291 37.784621, -122.424704 37.785418, -122.424678 37.785291, -122.424108 37.782477, -122.427396 37.782057, -122.430696 37.781635, -122.433973 37.781219, -122.434562 37.784152))"
151,709768,657713,781028,899167,1005536,1162622,1119341,1218494,1298890,83.00205137453365,"POLYGON ((-122.425616 37.789952, -122.42242 37.790358, -122.422237 37.789399, -122.422077 37.788474, -122.421858 37.787535, -122.421461 37.786632, -122.421256 37.784745, -122.422838 37.784547, -122.424678 37.785291, -122.424704 37.785418, -122.425047 37.78713, -122.425616 37.789952))"
160,709768,657713,781028,899167,1005536,1162622,1119341,1218494,1298890,83.00205137453365,"POLYGON ((-122.424678 37.785291, -122.422838 37.784547, -122.421256 37.784745, -122.421069 37.783816, -122.420689 37.781955, -122.420358 37.780072, -122.423541 37.779674, -122.424108 37.782477, -122.424678 37.785291))"
310,916646,886738,999755,1158478,1367193,1567120,1569029,1710517,1801003,96.47748421964423,"POLYGON ((-122.462888 37.728056, -122.460816 37.728681, -122.461727 37.729993, -122.461748 37.730064, -122.459064 37.733645, -122.459505 37.734291, -122.456156 37.734212, -122.453425 37.73304, -122.453411 37.731568, -122.453394 37.729837, -122.454002 37.729166, -122.452382 37.727868, -122.452335 37.72318, -122.453105 37.723206, -122.458191 37.72434399999999, -122.459213 37.724563, -122.461202 37.724974, -122.462199 37.725293, -122.462786 37.725549, -122.462888 37.728056))"
306,1110679,1103159,1174456,1341706,1474369,1752782,1832803,2031143,2175994,95.91565159690603,"POLYGON ((-122.461381 37.745569, -122.459174 37.747286, -122.458743 37.746876, -122.454637 37.746142, -122.454275 37.745908, -122.453897 37.745742, -122.451692 37.745629, -122.449861 37.743265, -122.452306 37.742819, -122.453773 37.743219, -122.454238 37.742835, -122.45464 37.742326, -122.454932 37.741777, -122.458082 37.739099, -122.458849 37.739158, -122.459184 37.739871, -122.459386 37.740571, -122.45984 37.74106099999999, -122.461234 37.742584, -122.463686 37.743749, -122.461381 37.745569))"
304,1110679,1103159,1174456,1341706,1474369,1752782,1832803,2031143,2175994,95.91565159690603,"POLYGON ((-122.476131 37.748643, -122.470595 37.748869, -122.469549 37.748903, -122.466336 37.749075, -122.466469 37.750939, -122.465403 37.750986, -122.464186 37.750717, -122.463442 37.751195, -122.464462 37.752899, -122.463433 37.753028, -122.463361 37.753039, -122.462108 37.75197199999999, -122.46147 37.751522, -122.458635 37.747769, -122.459174 37.747286, -122.461381 37.745569, -122.463686 37.743749, -122.465807 37.743574, -122.466043 37.743555, -122.470235 37.743289, -122.475726 37.743049, -122.475854 37.744915, -122.476007 37.746778, -122.476131 37.748643))"
311,822322,741417,867699,964978,1013142,1135730,1140483,1263978,1379676,67.77807233662726,"POLYGON ((-122.453394 37.729837, -122.453411 37.731568, -122.453425 37.73304, -122.448873 37.733069, -122.439752 37.733111, -122.438816 37.733087, -122.438392 37.73442, -122.435825 37.733924, -122.433104 37.733419, -122.432422 37.733176, -122.435892 37.731577, -122.439558 37.730191, -122.439483 37.730112, -122.443075 37.728634, -122.443664 37.728304, -122.446308 37.725978, -122.447878 37.723005, -122.449546 37.723011, -122.451596 37.723033, -122.452335 37.72318, -122.452382 37.727868, -122.454002 37.729166, -122.453394 37.729837))"
326.02,700871,653921,744872,865259,946987,1134917,1165056,1269218,1380031,96.90228301641814,"POLYGON ((-122.486906 37.765054, -122.484763 37.76516, -122.484627 37.763231, -122.484496 37.76137, -122.484365 37.759501, -122.47687 37.759832, -122.476699 37.757968, -122.4766 37.756108, -122.479817 37.755966, -122.484104 37.75577699999999, -122.486248 37.755683, -122.486382 37.757542, -122.486512 37.759407, -122.48664 37.761276, -122.48677 37.763137, -122.486906 37.765054))"
351,700871,653921,744872,865259,946987,1134917,1165056,1269218,1380031,96.90228301641814,"POLYGON ((-122.502979 37.764344, -122.496085 37.764675, -122.49595 37.762732, -122.495822 37.760871, -122.495692 37.759001, -122.495555 37.757137, -122.495433 37.755273, -122.495307 37.75341, -122.495165 37.751543, -122.499914 37.751334, -122.499784 37.749472, -122.50193 37.749377, -122.50206 37.75124, -122.502191 37.753106, -122.502318 37.754953, -122.50245 37.756835, -122.502582 37.7587, -122.502713 37.760567, -122.502844 37.762427, -122.502979 37.764344))"
326.01,700871,653921,744872,865259,946987,1134917,1165056,1269218,1380031,96.90228301641814,"POLYGON ((-122.484763 37.76516, -122.477261 37.765486, -122.477116 37.763562, -122.476974 37.761701, -122.476762 37.759837, -122.47687 37.759832, -122.484365 37.759501, -122.484496 37.76137, -122.484627 37.763231, -122.484763 37.76516))"
327,700871,653921,744872,865259,946987,1134917,1165056,1269218,1380031,96.90228301641814,"POLYGON ((-122.496085 37.764675, -122.493336 37.764774, -122.486906 37.765054, -122.48677 37.763137, -122.48664 37.761276, -122.486512 37.759407, -122.486382 37.757542, -122.486248 37.755683, -122.492675 37.755398, -122.495433 37.755273, -122.495555 37.757137, -122.495692 37.759001, -122.495822 37.760871, -122.49595 37.762732, -122.496085 37.764675))"
352.02,700871,653921,744872,865259,946987,1134917,1165056,1269218,1380031,96.90228301641814,"POLYGON ((-122.50987 37.76409, -122.502979 37.764344, -122.502844 37.762427, -122.502713 37.760567, -122.502582 37.7587, -122.509111 37.75841399999999, -122.509382 37.760272, -122.509622 37.762127, -122.50987 37.76409))"
352.01,700871,653921,744872,865259,946987,1134917,1165056,1269218,1380031,96.90228301641814,"POLYGON ((-122.512070759187 37.7636593024008, -122.50987 37.76409, -122.509622 37.762127, -122.509382 37.760272, -122.509111 37.75841399999999, -122.502582 37.7587, -122.50245 37.756835, -122.502318 37.754953, -122.502191 37.753106, -122.50206 37.75124, -122.50193 37.749377, -122.505148 37.749235, -122.507942 37.749111, -122.509993368973 37.74881495033259, -122.512070759187 37.7636593024008))"
218,892545,835631,972365,1156708,1294525,1497731,1466152,1540572,1718509,92.54032009590553,"POLYGON ((-122.434401 37.736199, -122.434697 37.737256, -122.432443 37.735879, -122.431349 37.736618, -122.428726 37.738326, -122.431759 37.73980299999999, -122.430741 37.740424, -122.430888 37.741833, -122.423361 37.74229, -122.424258 37.739935, -122.42427 37.739866, -122.424724 37.738431, -122.425286 37.73764, -122.426722 37.736372, -122.428573 37.735082, -122.429391 37.734636, -122.432422 37.733176, -122.433104 37.733419, -122.435825 37.733924, -122.434401 37.736199))"
217,892545,835631,972365,1156708,1294525,1497731,1466152,1540572,1718509,92.54032009590553,"POLYGON ((-122.45084 37.745904, -122.449363 37.746129, -122.447399 37.746596, -122.445214 37.743688, -122.444148 37.743297, -122.440049 37.745299, -122.43556 37.74155, -122.435559 37.743161, -122.43332 37.743296, -122.433259 37.741903, -122.430888 37.741833, -122.430741 37.740424, -122.431759 37.73980299999999, -122.428726 37.738326, -122.431349 37.736618, -122.432443 37.735879, -122.434697 37.737256, -122.434401 37.736199, -122.435825 37.733924, -122.438392 37.73442, -122.439915 37.734901, -122.443829 37.736134, -122.443649 37.736519, -122.442489 37.737289, -122.442525 37.739448, -122.445987 37.74118, -122.446658 37.742442, -122.449861 37.743265, -122.451692 37.745629, -122.45084 37.745904))"
231.03,453182,427274,456440,589381,607902,632485,705459,734763,804266,77.47086159644469,"POLYGON ((-122.384047 37.737514, -122.381558 37.738123, -122.380887 37.738828, -122.37911 37.73768, -122.376847 37.740192, -122.373364367386 37.7457632793685, -122.36758 37.740214, -122.369101 37.739593, -122.373572 37.739415, -122.373633 37.738854, -122.370762 37.738181, -122.367345 37.738479, -122.367554 37.7381, -122.369648 37.737684, -122.371996 37.737043, -122.373537 37.737176, -122.374328 37.73779, -122.375979 37.738477, -122.376458 37.738252, -122.375137 37.737803, -122.374916 37.737453, -122.375168 37.736504, -122.374715 37.735088, -122.374887291028 37.7342968808983, -122.374982 37.73386199999999, -122.374609 37.73288, -122.373327 37.733186, -122.372024 37.734213, -122.370077 37.732788, -122.369771405992 37.7326989677807, -122.373766 37.728005, -122.378542 37.728942, -122.379697 37.727618, -122.383431 37.729738, -122.38209 37.730635, -122.381439 37.730582, -122.379779 37.730799, -122.379932 37.733381, -122.381284 37.734034, -122.380186 37.73266, -122.382919 37.734511, -122.384047 37.737514))"
9806,453182,427274,456440,589381,607902,632485,705459,734763,804266,77.47086159644469,"POLYGON ((-122.385024 37.724098, -122.382176 37.722246, -122.377833 37.72656, -122.379697 37.727618, -122.378542 37.728942, -122.373766 37.728005, -122.369771405992 37.7326989677807, -122.367386 37.732004, -122.366161 37.732844, -122.364671 37.731859, -122.356784 37.729505, -122.360238 37.719421, -122.364084 37.715701, -122.370411 37.717572, -122.374980911262 37.71555763121989, -122.383251 37.720151, -122.38282 37.721872, -122.384517 37.722862, -122.386899 37.724289, -122.385024 37.724098))"
104,849228,795365,961386,1092795,1170084,1288369,1298292,1378749,1384994,63.088593404833574,"POLYGON ((-122.414877 37.803542, -122.411581 37.803963, -122.408332 37.804367, -122.406625 37.804535, -122.405174 37.804763, -122.404798 37.802901, -122.40316 37.803098, -122.40279 37.80124199999999, -122.402421 37.799382, -122.405645 37.798969, -122.406024 37.800835, -122.406199 37.80172, -122.40777 37.801571, -122.411019 37.80117, -122.411376 37.801125, -122.412908 37.802184, -122.414877 37.803542))"
106,849228,795365,961386,1092795,1170084,1288369,1298292,1378749,1384994,63.088593404833574,"POLYGON ((-122.411019 37.80117, -122.40777 37.801571, -122.406199 37.80172, -122.406024 37.800835, -122.405645 37.798969, -122.402421 37.799382, -122.402041 37.797505, -122.405513 37.797065, -122.406668 37.797865, -122.407083 37.798152, -122.407869 37.798697, -122.409014 37.79949, -122.411376 37.801125, -122.411019 37.80117))"
101,849228,795365,961386,1092795,1170084,1288369,1298292,1378749,1384994,63.088593404833574,"POLYGON ((-122.420612315115 37.8111121700604, -122.407452 37.81144099999999, -122.399638840473 37.8065658502084, -122.401787 37.805314, -122.403495 37.805089, -122.405174 37.804763, -122.406625 37.804535, -122.408332 37.804367, -122.411581 37.803963, -122.414877 37.803542, -122.416888 37.805212, -122.418718 37.805932, -122.419224 37.808453, -122.420612315115 37.8111121700604))"
167,887009,865345,1053531,1181343,1340797,1569935,1481297,1613722,1700237,91.68204606717632,"POLYGON ((-122.443866 37.767536, -122.443356 37.768944, -122.442765 37.769661, -122.443312 37.77047, -122.440358 37.770847, -122.440735 37.772713, -122.437469 37.773127, -122.435751 37.773346, -122.432467 37.773757, -122.431904 37.770964, -122.43157 37.769307, -122.433572 37.769178, -122.435794 37.769058, -122.436588 37.769001, -122.438338 37.76900699999999, -122.439301 37.768166, -122.442009 37.765907, -122.442575 37.765928, -122.443533 37.766691, -122.443866 37.767536))"
171.01,887009,865345,1053531,1181343,1340797,1569935,1481297,1613722,1700237,91.68204606717632,"POLYGON ((-122.449433 37.7632, -122.448274 37.764196, -122.447635 37.765139, -122.448013 37.767007, -122.44839 37.768865, -122.442765 37.769661, -122.443356 37.768944, -122.443866 37.767536, -122.443533 37.766691, -122.442575 37.765928, -122.443347 37.765333, -122.443538 37.765323, -122.446247 37.762247, -122.446384 37.761816, -122.446783 37.761781, -122.44912 37.761648, -122.449433 37.7632))"
171.02,887009,865345,1053531,1181343,1340797,1569935,1481297,1613722,1700237,91.68204606717632,"POLYGON ((-122.453352 37.768246, -122.450522 37.768593, -122.44839 37.768865, -122.448013 37.767007, -122.447635 37.765139, -122.448274 37.764196, -122.449433 37.7632, -122.44912 37.761648, -122.451958 37.761478, -122.4524 37.763669, -122.452569 37.764509, -122.452758 37.765443, -122.452947 37.766374, -122.453352 37.768246))"
166,887009,865345,1053531,1181343,1340797,1569935,1481297,1613722,1700237,91.68204606717632,"POLYGON ((-122.453902 37.771054, -122.4506 37.77146, -122.445717 37.77208, -122.440735 37.772713, -122.440358 37.770847, -122.443312 37.77047, -122.442765 37.769661, -122.44839 37.768865, -122.450522 37.768593, -122.453352 37.768246, -122.453902 37.771054))"
262,530087,496024,557876,670899,747258,822966,824943,915136,1011466,90.81131965130253,"POLYGON ((-122.465994 37.710154, -122.460858 37.710586, -122.457312 37.710648, -122.456376 37.710825, -122.455619 37.711066, -122.455028 37.711317, -122.452884 37.712829, -122.449627 37.715739, -122.448727 37.71745, -122.44796 37.717, -122.446945 37.716187, -122.443706 37.713592, -122.444571 37.712783, -122.446091 37.711592, -122.449309 37.709946, -122.452665 37.708806, -122.453983 37.708232, -122.458509 37.708231, -122.45905 37.708231, -122.468939 37.708232, -122.465994 37.710154))"
261,530087,496024,557876,670899,747258,822966,824943,915136,1011466,90.81131965130253,"POLYGON ((-122.448582 37.718411, -122.447878 37.723005, -122.44473 37.722987, -122.444486 37.722974, -122.438787 37.723637, -122.43702 37.723723, -122.435385 37.723909, -122.43715 37.721575, -122.437502 37.721176, -122.440141 37.717692, -122.440418 37.717245, -122.440999 37.716488, -122.441896 37.715308, -122.443706 37.713592, -122.446945 37.716187, -122.44796 37.717, -122.448727 37.71745, -122.448582 37.718411))"
255,530087,496024,557876,670899,747258,822966,824943,915136,1011466,90.81131965130253,"POLYGON ((-122.446308 37.725978, -122.443664 37.728304, -122.443075 37.728634, -122.439483 37.730112, -122.439558 37.730191, -122.435892 37.731577, -122.432422 37.733176, -122.429391 37.734636, -122.428573 37.735082, -122.426158 37.733971, -122.428038 37.732016, -122.429304 37.730742, -122.430165 37.729851, -122.430199 37.729872, -122.431294 37.72873, -122.431801 37.728249, -122.432447 37.727637, -122.433982 37.725762, -122.434798 37.724683, -122.435385 37.723909, -122.43702 37.723723, -122.438787 37.723637, -122.444486 37.722974, -122.44473 37.722987, -122.447878 37.723005, -122.446308 37.725978))"
264.01,529127,482784,562745,654949,710937,803285,809832,862396,917630,73.4233936276168,"POLYGON ((-122.415635 37.712733, -122.415291 37.713504, -122.415396 37.715474, -122.411316 37.714367, -122.410433 37.716414, -122.406189 37.715244, -122.407927 37.711448, -122.410641 37.71220599999999, -122.411349 37.710605, -122.412887 37.711036, -122.416 37.711915, -122.415635 37.712733))"
605.02,529127,482784,562745,654949,710937,803285,809832,862396,917630,73.4233936276168,"POLYGON ((-122.424478 37.71011, -122.423027 37.710377, -122.422241 37.711317, -122.421475 37.712201, -122.420908 37.713774, -122.415635 37.712733, -122.416 37.711915, -122.416648 37.710473, -122.419348 37.709947, -122.420083 37.70831099999999, -122.420082 37.708231, -122.42389 37.708236, -122.423377 37.709203, -122.424478 37.71011))"
264.04,529127,482784,562745,654949,710937,803285,809832,862396,917630,73.4233936276168,"POLYGON ((-122.420083 37.70831099999999, -122.419348 37.709947, -122.416648 37.710473, -122.416 37.711915, -122.412887 37.711036, -122.411349 37.710605, -122.41238 37.708303, -122.415182 37.708231, -122.416222 37.708328, -122.420082 37.708231, -122.420083 37.70831099999999))"
264.03,529127,482784,562745,654949,710937,803285,809832,862396,917630,73.4233936276168,"POLYGON ((-122.411349 37.710605, -122.410641 37.71220599999999, -122.407927 37.711448, -122.406189 37.715244, -122.403617 37.714327, -122.402188 37.714731, -122.402154 37.712656, -122.402546 37.712266, -122.403109 37.711998, -122.404348 37.710443, -122.404821 37.709747, -122.405582 37.708231, -122.406481 37.708323, -122.41238 37.708303, -122.411349 37.710605))"
264.02,529127,482784,562745,654949,710937,803285,809832,862396,917630,73.4233936276168,"POLYGON ((-122.40895 37.716458, -122.408255 37.71809, -122.407272 37.71782, -122.406665 37.719215, -122.4061 37.719837, -122.403071 37.71846499999999, -122.402103 37.718721, -122.400435 37.719162, -122.399615 37.716278, -122.398863 37.718683, -122.398515 37.717664, -122.398328 37.716259, -122.400626 37.712984, -122.402546 37.712266, -122.402154 37.712656, -122.402188 37.714731, -122.403617 37.714327, -122.406189 37.715244, -122.410433 37.716414, -122.40895 37.716458))"
105,786177,724619,919906,1023195,1076061,1162729,1104990,1119703,1134801,44.34421256281983,"POLYGON ((-122.405174 37.804763, -122.403495 37.805089, -122.401787 37.805314, -122.399638840473 37.8065658502084, -122.398139 37.80563, -122.394407919349 37.8012904644048, -122.389708268207 37.7958244063587, -122.391487 37.793859, -122.393181 37.79323, -122.394748 37.79448, -122.396315 37.793337, -122.396586 37.794588, -122.400149 37.794134, -122.400681 37.796777, -122.402041 37.797505, -122.402421 37.799382, -122.40279 37.80124199999999, -122.40316 37.803098, -122.404798 37.802901, -122.405174 37.804763))"
117,786177,724619,919906,1023195,1076061,1162729,1104990,1119703,1134801,44.34421256281983,"POLYGON ((-122.408786 37.79016, -122.407149 37.790366, -122.40734 37.791296, -122.407536 37.792249, -122.404418 37.792639, -122.404613 37.793565, -122.400149 37.794134, -122.396586 37.794588, -122.396315 37.793337, -122.399195 37.791058, -122.406062 37.785757, -122.407451 37.784604, -122.407853 37.785492, -122.408227 37.787359, -122.408402 37.788293, -122.408786 37.79016))"
428,2027236,1872762,2285785,2696002,3000960,3267731,3230769,3351982,3928996,93.8104887640117,"POLYGON ((-122.493338 37.787403, -122.493048716406 37.7879341073778, -122.492883 37.787929, -122.485827333182 37.7906121409026, -122.483985 37.789769, -122.483799 37.78774, -122.479845 37.786796, -122.472352 37.787234, -122.472583 37.786317, -122.478714 37.786031, -122.48408 37.785795, -122.487286 37.785649, -122.487151 37.783785, -122.490364 37.78364, -122.493491 37.783498, -122.493338 37.787403))"
601,1325304,1410054,1377261,1584807,1835492,1835955,1986979,2037068,2269956,71.27813694065664,"POLYGON ((-122.485783 37.790629, -122.480296 37.801293, -122.478083 37.810828, -122.470336 37.808671, -122.463793 37.804653, -122.448241130218 37.8072521685356, -122.449179 37.802074, -122.44782 37.801633, -122.447466 37.79939, -122.447303 37.798459, -122.447015 37.796579, -122.446728 37.794706, -122.4463 37.791879, -122.45274 37.790974, -122.459476 37.789711, -122.463581 37.788806, -122.464781 37.788564, -122.466924 37.788132, -122.470912 37.787221, -122.472352 37.787234, -122.479845 37.786796, -122.483799 37.78774, -122.483985 37.789769, -122.485827333182 37.7906121409026, -122.485783 37.790629))"
615,803460,786237,928347,1062715,1178961,1349775,1333584,1348649,1383461,72.18791227939163,"POLYGON ((-122.406062 37.785757, -122.399195 37.791058, -122.396315 37.793337, -122.394748 37.79448, -122.393181 37.79323, -122.391487 37.793859, -122.389708268207 37.7958244063587, -122.388570312096 37.7945008753206, -122.385555859095 37.790994833152, -122.385323 37.790724, -122.383505768697 37.7830792797042, -122.387421 37.78279, -122.388423 37.78179799999999, -122.389168 37.781649, -122.390527 37.780607, -122.39275 37.778852, -122.397386 37.782554, -122.39893 37.783785, -122.400468 37.78503, -122.402708 37.783259, -122.406062 37.785757))"
204.02,854693,816402,914968,1033945,1160031,1355348,1379412,1464665,1629050,90.60060161952889,"POLYGON ((-122.449447 37.74666, -122.447794 37.749408, -122.445697 37.748855, -122.449423 37.750412, -122.44709 37.751505, -122.446734 37.753573, -122.447943 37.755532, -122.445348 37.755619, -122.44695 37.75655, -122.445283 37.756573, -122.444485 37.756354, -122.445106 37.756961, -122.44222 37.756639, -122.442258 37.757734, -122.442175 37.758939, -122.439167 37.759028, -122.438864 37.755434, -122.440345 37.755228, -122.442525 37.75238, -122.443255 37.750769, -122.443421 37.750099, -122.44462 37.747081, -122.444556 37.746687, -122.444857 37.747025, -122.447399 37.746596, -122.449363 37.746129, -122.45084 37.745904, -122.449447 37.74666))"
305,854693,816402,914968,1033945,1160031,1355348,1379412,1464665,1629050,90.60060161952889,"POLYGON ((-122.46147 37.751522, -122.456091 37.751804, -122.455537 37.753774, -122.454172 37.756507, -122.454078 37.757027, -122.453872 37.757378, -122.451367 37.758576, -122.448535 37.759045, -122.447915 37.757589, -122.44695 37.75655, -122.445348 37.755619, -122.447943 37.755532, -122.446734 37.753573, -122.44709 37.751505, -122.449423 37.750412, -122.445697 37.748855, -122.447794 37.749408, -122.449447 37.74666, -122.45084 37.745904, -122.451692 37.745629, -122.453897 37.745742, -122.454275 37.745908, -122.454637 37.746142, -122.458743 37.746876, -122.459174 37.747286, -122.458635 37.747769, -122.46147 37.751522))"
307,833390,797624,898839,1020614,1126043,1323828,1317329,1410907,1572287,88.6616110104513,"POLYGON ((-122.459592 37.738533, -122.458849 37.739158, -122.458082 37.739099, -122.454932 37.741777, -122.45464 37.742326, -122.454238 37.742835, -122.453773 37.743219, -122.452306 37.742819, -122.449861 37.743265, -122.446658 37.742442, -122.445987 37.74118, -122.442525 37.739448, -122.442489 37.737289, -122.443649 37.736519, -122.443829 37.736134, -122.439915 37.734901, -122.438392 37.73442, -122.438816 37.733087, -122.439752 37.733111, -122.448873 37.733069, -122.453425 37.73304, -122.456156 37.734212, -122.459505 37.734291, -122.460282 37.737855, -122.459592 37.738533))"
309,1173853,1131428,1270692,1404932,1667168,2028321,2128474,2444044,2689480,129.1155706890045,"POLYGON ((-122.475347 37.720914, -122.474745 37.72693599999999, -122.474634 37.728992, -122.474972 37.731072, -122.475173 37.734562, -122.471569 37.734707, -122.466248 37.734937, -122.462913 37.736013, -122.463136 37.737023, -122.461242 37.735782, -122.459505 37.734291, -122.459064 37.733645, -122.461748 37.730064, -122.461727 37.729993, -122.460816 37.728681, -122.462888 37.728056, -122.462786 37.725549, -122.462199 37.725293, -122.462265 37.721748, -122.466278 37.721668, -122.46974 37.721644, -122.471983 37.721661, -122.47244 37.721603, -122.472547 37.71964, -122.472672 37.717248, -122.474528 37.719065, -122.475368 37.72037, -122.475347 37.720914))"
308,1173853,1131428,1270692,1404932,1667168,2028321,2128474,2444044,2689480,129.1155706890045,"POLYGON ((-122.475726 37.743049, -122.470235 37.743289, -122.466043 37.743555, -122.465807 37.743574, -122.463686 37.743749, -122.461234 37.742584, -122.45984 37.74106099999999, -122.459386 37.740571, -122.459184 37.739871, -122.458849 37.739158, -122.459592 37.738533, -122.460282 37.737855, -122.459505 37.734291, -122.461242 37.735782, -122.463136 37.737023, -122.462913 37.736013, -122.466248 37.734937, -122.471569 37.734707, -122.475173 37.734562, -122.475189 37.734762, -122.47539 37.73745, -122.475485 37.739321, -122.475621 37.741183, -122.475726 37.743049))"
607,762116,735919,860386,1021588,1135041,1293328,1233497,1284945,1331726,74.74059067123639,"POLYGON ((-122.40499 37.769715, -122.404391 37.76974999999999, -122.401657 37.771817, -122.399433 37.773573, -122.400982 37.774809, -122.398755 37.776568, -122.397206 37.775332, -122.39275 37.778852, -122.390527 37.780607, -122.389168 37.781649, -122.388423 37.78179799999999, -122.387421 37.78279, -122.383505768697 37.7830792797042, -122.381232 37.773514, -122.380462169293 37.7675163525902, -122.385823 37.767255, -122.387917 37.764379, -122.388164 37.766958, -122.393968 37.766614, -122.393848 37.765307, -122.398703 37.765014, -122.404497 37.764664, -122.40499 37.769715))"
